Name,Count
Michael,462278
Christopher,360176
Matthew,351580
Joshua,329082
Jacob,298249
Nicholas,275271
Andrew,272774
Daniel,272105
Tyler,262256
Joseph,260605
Brandon,259372
David,253511
James,244870
Ryan,241169
John,239980
Zachary,225243
Justin,220070
William,217731
Anthony,216157
Robert,205388
Jonathan,197401
Austin,190110
Alexander,183886
Kyle,180171
Kevin,165152
Thomas,146562
Cody,146461
Jordan,144719
Eric,135183
Benjamin,133854
Aaron,128307
Christian,126002
Samuel,125451
Dylan,122046
Steven,121062
Brian,119250
Jose,118971
Timothy,107730
Nathan,107281
Adam,106863
Richard,94844
Patrick,92903
Charles,92404
Sean,91983
Jason,91668
Cameron,81118
Jeremy,77771
Mark,75791
Stephen,75131
Jesse,73758
Juan,70870
Alex,70801
Travis,68186
Jeffrey,66979
Ethan,66902
Caleb,66260
Luis,64709
Jared,63765
Logan,63557
Hunter,60510
Trevor,59927
Bryan,59731
Evan,59383
Paul,58891
Taylor,58392
Kenneth,58244
Connor,57375
Dustin,56763
Noah,56198
Carlos,55145
Devin,55055
Gabriel,54796
Ian,53989
Nathaniel,52558
Gregory,52070
Derek,50738
Corey,50212
Jesus,49095
Scott,49005
Bradley,48067
Dakota,46646
Antonio,46532
Marcus,46462
Blake,45857
Garrett,45315
Edward,45138
Luke,44408
Shawn,42466
Peter,42350
Seth,42195
Mitchell,42004
Adrian,41967
Victor,41047
Miguel,40980
Shane,40585
Chase,40296
Isaac,40236
Spencer,38170
Lucas,38151
Jack,37469
Tanner,37387
Angel,36980
Vincent,36698
Isaiah,36577
Dalton,35973
Brett,35414
George,35233
Alejandro,35154
Elijah,34632
Cory,34158
Cole,33850
Joel,33788
Erik,33594
Jake,33088
Mason,32869
Jorge,32701
Dillon,32654
Raymond,31660
Colton,30460
Ricardo,29295
Casey,29244
Francisco,28706
Brendan,28505
Devon,28415
Keith,28368
Colin,28248
Wesley,28241
Phillip,27962
Oscar,27868
Julian,27650
Johnathan,27255
Eduardo,27215
Chad,27105
Donald,26755
Bryce,26750
Ronald,26677
Alec,25905
Dominic,25628
Grant,25449
Martin,25320
Henry,25169
Mario,24566
Xavier,24283
Manuel,24161
Alan,24078
Derrick,23978
Frank,23948
Tristan,23905
Collin,23747
Omar,23707
Jeremiah,23633
Jackson,23583
Troy,22815
Edgar,22196
Javier,22093
Douglas,21961
Clayton,21808
Jonathon,21423
Nicolas,21201
Andre,21085
Maxwell,20906
Ivan,20494
Philip,20451
Levi,20304
Sergio,20111
Roberto,20047
Darius,19661
Andres,19625
Cristian,19524
Hector,19481
Fernando,19427
Drew,19325
Curtis,19196
Gary,19188
Riley,18833
Johnny,18451
Max,18204
Dennis,18085
Malik,17943
Wyatt,17930
Cesar,17831
Edwin,17464
Gavin,17274
Preston,17078
Marco,16994
Allen,16925
Ruben,16921
Calvin,16850
Mathew,16795
Randy,16780
Brent,16623
Jerry,16562
Hayden,16343
Alexis,16253
Parker,16230
Brady,16230
Tony,16131
Pedro,16125
Craig,16102
Larry,15940
Erick,15673
Kaleb,14904
Trenton,14691
Carl,14688
Jeffery,14664
Raul,14600
Zachery,14591
Sebastian,14583
Louis,14421
Rafael,14365
Marc,14309
Colby,14259
Emmanuel,14167
Jimmy,14102
Albert,13914
Julio,13831
Danny,13810
Harrison,13779
Kristopher,13773
Micah,13748
Russell,13737
Armando,13669
Jaime,13567
Gerardo,13491
Diego,13443
Ricky,13418
Chance,13229
Gage,13201
Lawrence,13150
Alberto,13055
Terry,13034
Abraham,12995
Chandler,12964
Micheal,12870
Damian,12686
Conner,12631
Trey,12616
Darren,12514
Landon,12506
Skyler,12296
Donovan,12236
Andy,12234
Rodney,12119
Lance,12097
Walter,12016
Liam,11889
Joe,11881
Nolan,11789
Marcos,11788
Enrique,11777
Arthur,11775
Todd,11613
Trent,11492
Bobby,11385
Zackary,11374
Jalen,11121
Dominique,10980
Billy,10939
Giovanni,10930
Josiah,10905
Josue,10736
Nickolas,10726
Jay,10671
Roger,10652
Ramon,10484
Ross,10457
Dallas,10440
Jon,10360
Deandre,10357
Randall,10320
Jamal,10256
Arturo,10250
Israel,10164
Alfredo,10107
Morgan,10098
Theodore,10095
Maurice,10086
Jonah,10068
Malcolm,10064
Dante,10005
Bryant,9968
Carson,9965
Kody,9955
Bailey,9924
Miles,9809
Marvin,9798
Gerald,9794
Reginald,9722
Carter,9722
Willie,9713
Branden,9681
Eddie,9650
Owen,9643
Damon,9630
Terrance,9545
Avery,9453
Jessie,9296
Ty,9292
Lorenzo,9152
Brock,9106
Jamie,9085
Johnathon,9073
Damien,9072
Tommy,9037
Lee,9007
Dominick,8982
Gustavo,8978
Elias,8851
Frederick,8840
Marquis,8833
Aidan,8780
Shaun,8619
Salvador,8604
Roy,8581
Tevin,8525
Eli,8453
Braden,8389
Demetrius,8388
Brennan,8299
Marshall,8269
Conor,8241
Jakob,8160
Zane,8148
Dean,8116
Quentin,8113
Ernesto,8110
Fabian,8076
Pablo,7988
Angelo,7986
Ashton,7947
Griffin,7943
Brenden,7929
Clinton,7929
Tyrone,7926
Terrell,7922
Bruce,7895
Desmond,7855
Kendall,7831
Quinton,7814
Terrence,7722
Steve,7647
Zachariah,7638
Darrell,7556
Zackery,7505
Wayne,7496
Simon,7484
Drake,7439
Kelvin,7392
Saul,7387
Leonardo,7283
Jerome,7227
Nelson,7152
Rene,7139
Franklin,7116
Myles,7096
Francis,7072
Kameron,7070
Ronnie,7049
Lane,7028
Byron,7028
Tucker,7020
Neil,6980
Melvin,6940
Jarrett,6896
Devonte,6867
Orlando,6861
Brendon,6832
Roman,6768
Ismael,6726
Emilio,6725
Emanuel,6646
Keegan,6588
Quinn,6576
Oliver,6559
Darryl,6546
Forrest,6502
Abel,6479
Kyler,6455
Guillermo,6454
Esteban,6453
Felix,6284
Cooper,6272
Leonard,6262
Kendrick,6236
Corbin,6223
Dale,6212
Peyton,6211
Geoffrey,6169
Stanley,6118
Karl,6105
Weston,6104
Eugene,6085
Jermaine,6070
Ernest,6049
Graham,6001
Devante,5988
Keenan,5986
Wade,5986
Warren,5957
Nikolas,5945
Bryson,5918
Glenn,5905
Moises,5892
Alvin,5881
Trevon,5818
Clay,5803
Skylar,5769
Dawson,5750
Jordon,5729
Kurt,5693
Rodolfo,5665
Cedric,5664
Beau,5613
Dwayne,5606
Hugo,5606
Harley,5568
Harold,5518
Jarrod,5511
Devan,5503
Tyrell,5499
Isiah,5470
Denzel,5452
Dane,5446
Sam,5427
Gilbert,5422
Harry,5397
Ray,5397
Stefan,5396
Allan,5387
Joey,5386
Felipe,5352
Kenny,5312
Lukas,5298
Brayden,5294
Noel,5268
Elliot,5263
Alfonso,5193
Kristian,5192
Jarred,5173
Leon,5169
Tyson,5137
Chris,5131
Ali,5126
Davis,5119
Braxton,5078
Gilberto,5073
Darian,5048
Rodrigo,5040
Tristen,5023
Rudy,5020
Brody,5005
Donte,4993
Deshawn,4992
Javon,4963
Keaton,4950
Elliott,4946
Khalil,4925
Jayson,4915
Charlie,4908
Sheldon,4834
Reid,4825
Shaquille,4814
Payton,4797
Rogelio,4776
Davon,4750
Justice,4748
Leo,4733
Grayson,4730
Alfred,4725
Sterling,4708
Rashad,4691
Ramiro,4685
Marquise,4669
Ariel,4657
Blaine,4621
Nathanael,4606
Tylor,4575
Cade,4569
Marlon,4549
Jace,4533
Clarence,4532
Lewis,4526
Mackenzie,4525
Darnell,4514
Julius,4512
Tomas,4511
Reed,4494
Garret,4491
Ralph,4471
Tyree,4388
Brad,4375
Stuart,4340
Stephan,4339
Jaquan,4321
Jaden,4313
Roderick,4311
Clifford,4295
Santiago,4277
Daquan,4268
Alonzo,4259
Demarcus,4249
Barry,4224
Duncan,4219
Quincy,4188
Antoine,4169
Bernard,4160
Noe,4142
Wilson,4140
Kelly,4137
Kurtis,4132
Mauricio,4091
Rolando,4075
Bret,4007
Kory,4006
Jarod,4004
Clint,3993
Damion,3974
Kirk,3958
Lamar,3943
Ahmad,3915
Howard,3913
Earl,3908
Adan,3902
Derick,3862
Dexter,3861
Dorian,3860
Shannon,3846
Sidney,3827
Deonte,3810
Nigel,3788
Efrain,3778
Ezekiel,3738
Colten,3736
Jarvis,3736
Austen,3710
Walker,3709
Jaylen,3703
Deon,3673
Humberto,3658
Amir,3608
Moses,3595
Perry,3588
Darien,3583
Mohammad,3583
Carlton,3538
Leroy,3536
Gordon,3529
Courtney,3522
Malachi,3520
Daryl,3518
Deangelo,3507
Issac,3495
Kasey,3486
Markus,3485
Jaron,3479
Quintin,3470
Sawyer,3452
Jamar,3436
Ben,3436
Norman,3425
Fredrick,3409
Uriel,3408
Dwight,3401
Holden,3382
Solomon,3376
Chaz,3358
Brice,3355
Alvaro,3352
Vicente,3349
Korey,3340
Deven,3300
Osvaldo,3293
Mike,3282
Shelby,3273
Stephon,3264
Freddy,3257
Addison,3245
Dion,3242
Brenton,3222
Cullen,3219
Heath,3218
Mitchel,3204
Leonel,3192
Triston,3187
Terence,3179
Salvatore,3174
Kareem,3166
Neal,3136
Dashawn,3124
Toby,3119
Jayden,3115
Roland,3115
Glen,3110
Frankie,3072
Coty,3070
Tre,3064
Joaquin,3059
Mohammed,3052
Coleman,3052
Aron,3036
Kaden,3023
Everett,3020
Bennett,3019
Nathanial,2996
Irvin,2988
Shayne,2969
Jean,2965
Baby,2951
Raheem,2951
Raphael,2945
Clifton,2941
Will,2926
Darrin,2901
Kent,2901
Lonnie,2894
Cornelius,2889
Reece,2877
Caden,2850
Ezra,2833
Milton,2829
Vernon,2823
Conrad,2818
Agustin,2814
Mohamed,2813
Darrius,2800
Marcel,2792
Reynaldo,2778
Fred,2772
Dandre,2767
Gunnar,2766
Tate,2766
Maximilian,2755
Lamont,2748
Adolfo,2747
Jamel,2725
Tracy,2720
Infant,2706
Rory,2704
Lloyd,2697
Deion,2696
Arnold,2694
Clark,2691
Rigoberto,2688
Ahmed,2686
Ignacio,2684
Cortez,2668
Rickey,2667
Sage,2663
Jonas,2657
Darin,2645
Dillan,2644
Don,2638
Kai,2635
Juwan,2621
Darion,2619
Guadalupe,2618
Duane,2615
Kristofer,2611
Camron,2594
Travon,2591
Nestor,2586
Tristin,2579
Kade,2574
Rick,2566
Ezequiel,2564
Jasper,2540
Kolby,2531
Winston,2519
Anton,2518
Jamison,2513
Kerry,2510
Dimitri,2506
German,2487
Antwan,2479
Jovan,2452
Brennen,2442
Cordell,2422
Camden,2415
Kobe,2410
Trace,2408
Herbert,2408
Ulises,2400
Reuben,2397
Pierce,2396
Guy,2383
Gerard,2382
Brooks,2374
Akeem,2372
Johnnie,2364
Thaddeus,2361
Pierre,2358
Jefferson,2357
Dangelo,2351
Jameson,2348
Isaias,2335
Reese,2327
Davion,2324
Davonte,2312
Kolton,2307
Freddie,2307
Robin,2305
Houston,2302
Jimmie,2299
Cyrus,2295
Bradford,2292
Tobias,2259
Jairo,2252
Kane,2252
Paris,2250
Tyrese,2249
Moshe,2246
Elvis,2240
Sammy,2234
Estevan,2229
Brandan,2227
Colt,2217
Dayton,2212
Jaylon,2207
Donnie,2194
Hakeem,2185
Ladarius,2182
Kieran,2176
Trever,2173
Rhett,2172
Santos,2157
August,2150
Octavio,2148
Madison,2144
Bo,2135
Heriberto,2133
Rashawn,2128
Cruz,2125
Dana,2124
Zechariah,2120
Donavan,2113
Keon,2113
Gino,2107
Nico,2107
Devyn,2102
Elmer,2086
Hassan,2086
Jerrod,2082
Jackie,2072
Lester,2061
Gene,2058
Brandyn,2048
Dequan,2047
Arron,2038
Aldo,2036
River,2022
Loren,2016
Tariq,2012
Mateo,2008
Garrison,2003
Aubrey,2002
Dillion,2001
Cristopher,1990
Dylon,1985
Dewayne,1983
Kellen,1981
Bradly,1980
Bernardo,1976
Nick,1974
Rico,1971
Leslie,1959
Herman,1951
Coby,1943
Devonta,1933
Stewart,1932
Irving,1928
Vance,1928
Myron,1922
Marquez,1920
Elisha,1917
Junior,1903
Silas,1902
Jeff,1889
Leland,1884
Dusty,1884
Alonso,1882
Zakary,1879
Gonzalo,1873
Raymundo,1867
Orion,1852
Dan,1848
Sonny,1837
Aric,1835
Benny,1826
Quinten,1823
Josh,1822
Royce,1820
Talon,1813
Benito,1805
Donnell,1802
Marques,1796
Asa,1795
Ellis,1795
Hugh,1792
Josef,1788
Floyd,1786
Grady,1783
Jaleel,1782
Codey,1782
Kadeem,1774
Blair,1758
Shea,1758
Misael,1758
Rocky,1753
Jabari,1750
Jamarcus,1742
Rex,1740
Ulysses,1738
Jamil,1735
Bronson,1724
Muhammad,1716
Fidel,1715
Jamaal,1710
Efren,1707
Amos,1705
Asher,1705
Lionel,1703
Vaughn,1701
Cecil,1700
Dontae,1700
Mikel,1699
Jaylin,1693
Lincoln,1692
Austyn,1689
Clyde,1686
Tyron,1684
Alton,1682
Javonte,1674
Adonis,1673
Jacoby,1673
Erich,1673
Julien,1673
Demarco,1672
Ari,1665
Chadwick,1660
Antony,1660
Anderson,1652
Justus,1650
Aiden,1642
Emmett,1640
Alexandro,1640
Edgardo,1639
Ibrahim,1637
Jorden,1635
Erin,1634
Keanu,1633
Jade,1632
Harvey,1621
Barrett,1609
Dario,1607
Remington,1607
Zion,1605
Jim,1603
Dallin,1602
Gregorio,1601
Titus,1596
Kevon,1587
Ted,1586
Keven,1577
Ryne,1574
Maximillian,1573
Randolph,1572
Hernan,1569
Wendell,1554
Layne,1553
Bryon,1548
Deshaun,1547
Tory,1547
Justyn,1545
Chester,1545
Darrion,1544
Davin,1544
Armani,1543
Khalid,1543
Deondre,1542
Codie,1537
Axel,1533
Hans,1528
Braeden,1525
Dakotah,1521
Jessy,1517
Chaim,1514
Gunner,1512
Niko,1510
Rasheed,1509
Lyle,1503
Garett,1501
Romeo,1500
Raekwon,1498
Hudson,1495
Denver,1494
Broderick,1490
Montana,1486
Kole,1477
Ervin,1476
Destin,1476
Keshawn,1475
Carlo,1473
Rusty,1471
Abram,1468
Kelton,1468
Andreas,1467
Forest,1466
Kelsey,1464
Jacques,1464
Tyquan,1456
Tristian,1454
Demario,1453
Tom,1451
Galen,1447
Brant,1445
Stone,1445
Najee,1425
Tavon,1424
Jess,1424
Cale,1423
Augustus,1419
Antwon,1419
Jody,1417
Valentin,1413
Koby,1412
Rohan,1412
Kenton,1412
Kirby,1408
Easton,1405
Domenic,1401
Dejuan,1400
Tyshawn,1400
Wilfredo,1390
Spenser,1390
Trae,1384
Braydon,1383
Justen,1383
Eliseo,1379
Gianni,1373
Daron,1373
Jerrell,1371
Otis,1368
Greg,1367
Kelby,1364
Eddy,1361
Turner,1360
Isidro,1359
Edmund,1358
Shelton,1357
Kegan,1355
Dionte,1352
Sherman,1351
Maverick,1351
Giancarlo,1351
Cristobal,1348
Tayler,1347
Storm,1343
Alexandre,1343
Marcelo,1337
Pete,1336
Francesco,1335
Rylan,1327
Ashley,1324
Samir,1323
Jerod,1323
Brayan,1320
Ron,1317
Randal,1317
Emerson,1316
Syed,1316
Darrian,1315
Alden,1310
Mickey,1308
Shamar,1304
Deontae,1302
Abdul,1298
Stetson,1296
Devontae,1289
Darwin,1289
Shaquan,1289
Morris,1287
Auston,1285
Jaren,1284
Martez,1275
Dominque,1274
Kennedy,1274
Samson,1273
Genaro,1267
Scotty,1265
Markel,1259
Prince,1251
Brennon,1247
Rodrick,1246
Robbie,1244
Greyson,1241
Seamus,1240
Garry,1237
Cedrick,1237
Deante,1236
Luther,1232
Ishmael,1232
Markell,1228
Armand,1227
Derik,1224
Willis,1223
Mariano,1220
Kalen,1214
Blaise,1214
Sylvester,1213
Teddy,1210
Britton,1209
Isai,1207
Waylon,1206
Kwame,1204
Simeon,1203
Domingo,1200
Dyllan,1199
Tarik,1198
Westley,1196
Claude,1195
Menachem,1192
Timmy,1192
Ken,1190
Luciano,1189
Kalvin,1188
Federico,1188
Donavon,1188
Jevon,1188
Eliezer,1187
Lazaro,1184
Ira,1183
Rayshawn,1182
Kahlil,1180
Brannon,1179
Nicklaus,1178
Schuyler,1175
Marion,1173
Nathen,1172
Jaxon,1171
Keyon,1170
Vincenzo,1168
Garrick,1168
Rocco,1165
Jovani,1161
Chauncey,1159
Jerald,1158
Stevie,1156
Elvin,1155
Bill,1154
Kendal,1154
Trevin,1152
Jedidiah,1148
Rey,1148
Marty,1148
Yosef,1147
Shay,1146
Dereck,1146
Dominik,1143
Kenyon,1138
Desean,1138
Harris,1138
Alek,1136
Giovanny,1136
Darrel,1135
Declan,1135
Nehemiah,1135
Louie,1134
Deonta,1134
Demetri,1132
Malcom,1130
Ryder,1129
Abdullah,1129
Coy,1128
Kamron,1128
Raven,1128
Omari,1127
Jovany,1127
Darrien,1123
Jarett,1119
Trayvon,1115
Jude,1110
Jayce,1108
Adrien,1107
Dave,1106
Stacy,1104
Dakoda,1102
Codi,1101
Jelani,1101
Wallace,1098
Rashaad,1095
Rakeem,1093
Marlin,1091
Laquan,1091
Killian,1090
London,1089
Ridge,1082
Alessandro,1080
Ramsey,1076
Jarret,1076
Jovanny,1075
Reagan,1075
Gideon,1074
Nikhil,1073
Fredy,1073
Bruno,1072
Nash,1072
Laurence,1072
Mikal,1071
Bilal,1070
Dejon,1070
Kale,1069
Jonatan,1069
Virgil,1067
Montrell,1065
Darrick,1065
Brandt,1064
Daren,1063
Maximiliano,1063
Denis,1061
Nikko,1061
Nasir,1053
Rudolph,1053
Earnest,1052
Reggie,1046
Uriah,1045
Cain,1045
Tyrel,1043
Vince,1041
Dustyn,1040
Kendell,1040
Deanthony,1038
Landen,1034
Anfernee,1033
Branson,1031
Van,1031
Marcellus,1031
Reilly,1031
Laron,1031
Theron,1030
Marquel,1026
Dondre,1023
Demonte,1023
Adalberto,1020
Tommie,1020
Roosevelt,1019
Mack,1019
Eloy,1017
Male,1016
Everardo,1016
Sydney,1016
Keagan,1014
Mustafa,1014
Demond,1011
Brodie,1011
Deric,1011
Dajuan,1010
Bennie,1009
Augustine,1002
Jamari,1002
Cary,1002
Joseluis,1001
